{
    "__comment": "JimStoneCraft - 2014",
    "textures": {
        "particle": "#texture",
        "top": "#top",
        "bottom": "#bottom"
    },
    "elements": [
        {   "from": [ 6, 0, 6 ],
            "to": [ 10, 16, 10 ],
            "faces": {
                "down":  { "uv": [ 6, 6, 10, 10 ], "texture": "#bottom", "cullface": "down" },
                "up":    { "uv": [ 6, 6, 10, 10 ], "texture": "#top" },
                "north": { "uv": [ 6, 0, 10, 16 ], "texture": "#texture" },
                "south": { "uv": [ 6, 0, 10, 16 ], "texture": "#texture" },
                "west":  { "uv": [ 6, 0, 10, 16 ], "texture": "#texture" },
                "east":  { "uv": [ 6, 0, 10, 16 ], "texture": "#texture" }
            },
            "__comment": "Center post"
        },
        {   "from": [ 7, 12, 0 ],
            "to": [ 9, 15, 9 ],
            "faces": {
                "down":  { "uv": [ 7, 0, 9, 9 ], "texture": "#bottom", "cullface": "down" },
                "up":    { "uv": [ 7, 0, 9, 9 ], "texture": "#top" },
                "north": { "uv": [ 7, 1, 9, 4 ], "texture": "#texture", "cullface": "north" },
                "south": { "uv": [ 7, 1, 9, 4 ], "texture": "#texture", "cullface": "south" },
                "west":  { "uv": [ 0, 1, 9, 4 ], "texture": "#texture" },
                "east":  { "uv": [ 0, 1, 9, 4 ], "texture": "#texture" }
            },
            "__comment": "North top bar"
        },
        {   "from": [ 7, 6, 0 ],
            "to": [ 9, 9, 9 ],
            "faces": {
                "down":  { "uv": [ 7, 0, 9,  9 ], "texture": "#bottom", "cullface": "down" },
                "up":    { "uv": [ 7, 0, 9,  9 ], "texture": "#top" },
                "north": { "uv": [ 7, 7, 9, 10 ], "texture": "#texture", "cullface": "north" },
                "south": { "uv": [ 7, 7, 9, 10 ], "texture": "#texture", "cullface": "south" },
                "west":  { "uv": [ 0, 7, 9, 10 ], "texture": "#texture" },
                "east":  { "uv": [ 0, 7, 9, 10 ], "texture": "#texture" }
            },
            "__comment": "North lower bar"
        },
        {   "from": [ 7, 12, 7 ],
            "to": [ 16, 15, 9 ],
            "faces": {
                "down":  { "uv": [ 7, 7, 16,  9 ], "texture": "#bottom", "cullface": "down" },
                "up":    { "uv": [ 7, 7, 16,  9 ], "texture": "#top" },
                "north": { "uv": [ 7, 1, 16,  4 ], "texture": "#texture", "cullface": "north" },
                "south": { "uv": [ 7, 1, 16,  4 ], "texture": "#texture", "cullface": "south" },
                "west":  { "uv": [ 7, 1,  9,  4 ], "texture": "#texture" },
                "east":  { "uv": [ 7, 1,  9,  4 ], "texture": "#texture" }
            },
            "__comment": "East top bar"
        },
        {   "from": [ 7, 6, 7 ],
            "to": [ 16, 9, 9 ],
            "faces": {
                "down":  { "uv": [ 7, 7, 16,  9 ], "texture": "#bottom", "cullface": "down" },
                "up":    { "uv": [ 7, 7, 16,  9 ], "texture": "#top" },
                "north": { "uv": [ 7, 7, 16, 10 ], "texture": "#texture", "cullface": "north" },
                "south": { "uv": [ 7, 7, 16, 10 ], "texture": "#texture", "cullface": "south" },
                "west":  { "uv": [ 7, 7,  9, 10 ], "texture": "#texture" },
                "east":  { "uv": [ 7, 7,  9, 10 ], "texture": "#texture" }
            },
            "__comment": "East lower bar"
        }
    ]
}
