{
    "__comment": "JimStoneCraft - 2014",
    "variants": {
        "contents=empty": [
                   { "model": "flower_pot" },
                   { "model": "flower_pot1" },
                   { "model": "flower_pot2" },
                   { "model": "flower_pot3" }
              ],
        "contents=rose": [
                   { "model": "flower_pot_rose" },
                   { "model": "flower_pot_rose1" },
                   { "model": "flower_pot_rose2" },
                   { "model": "flower_pot_rose3" },
                   { "model": "flower_pot_rose4" }
              ],
        "contents=blue_orchid": [
                   { "model": "flower_pot_orchid" },
                   { "model": "flower_pot_orchid1" },
                   { "model": "flower_pot_orchid2" },
                   { "model": "flower_pot_orchid3" }
              ],
        "contents=allium": [
                   { "model": "flower_pot_allium" },
                   { "model": "flower_pot_allium1" },
                   { "model": "flower_pot_allium2" },
                   { "model": "flower_pot_allium3" }
              ],
        "contents=houstonia": [
                   { "model": "flower_pot_houstonia" },
                   { "model": "flower_pot_houstonia1" },
                   { "model": "flower_pot_houstonia2" },
                   { "model": "flower_pot_houstonia3" }
              ],
        "contents=red_tulip": [
                   { "model": "flower_pot_tulip_red" },
                   { "model": "flower_pot_tulip_red1" },
                   { "model": "flower_pot_tulip_red2" },
                   { "model": "flower_pot_tulip_red3" }
              ],
        "contents=orange_tulip": [
                   { "model": "flower_pot_tulip_orange" },
                   { "model": "flower_pot_tulip_orange1" },
                   { "model": "flower_pot_tulip_orange2" },
                   { "model": "flower_pot_tulip_orange3" }
              ],
        "contents=white_tulip": [
                   { "model": "flower_pot_tulip_white" },
                   { "model": "flower_pot_tulip_white1" },
                   { "model": "flower_pot_tulip_white2" },
                   { "model": "flower_pot_tulip_white3" }
              ],
        "contents=pink_tulip": [
                   { "model": "flower_pot_tulip_pink" },
                   { "model": "flower_pot_tulip_pink1" },
                   { "model": "flower_pot_tulip_pink2" },
                   { "model": "flower_pot_tulip_pink3" }
              ],
        "contents=oxeye_daisy": [
                   { "model": "flower_pot_daisy" },
                   { "model": "flower_pot_daisy1" },
                   { "model": "flower_pot_daisy2" },
                   { "model": "flower_pot_daisy3" }
              ],
        "contents=dandelion": [
                   { "model": "flower_pot_dandelion" },
                   { "model": "flower_pot_dandelion1" },
                   { "model": "flower_pot_dandelion2" },
                   { "model": "flower_pot_dandelion3" },
                   { "model": "flower_pot_dandelion4" },
                   { "model": "flower_pot_dandelion5" }
              ],
        "contents=oak_sapling": [
                   { "model": "flower_pot_oak" },
                   { "model": "flower_pot_oak1" },
                   { "model": "flower_pot_oak2" },
                   { "model": "flower_pot_oak3" }
              ],
        "contents=spruce_sapling": [
                   { "model": "flower_pot_spruce" },
                   { "model": "flower_pot_spruce1" },
                   { "model": "flower_pot_spruce2" },
                   { "model": "flower_pot_spruce3" }
              ],
        "contents=birch_sapling": [
                   { "model": "flower_pot_birch" },
                   { "model": "flower_pot_birch1" },
                   { "model": "flower_pot_birch2" },
                   { "model": "flower_pot_birch3" }
              ],
        "contents=jungle_sapling": [
                   { "model": "flower_pot_jungle" },
                   { "model": "flower_pot_jungle1" },
                   { "model": "flower_pot_jungle2" },
                   { "model": "flower_pot_jungle3" }
              ],
        "contents=acacia_sapling": [
                   { "model": "flower_pot_acacia" },
                   { "model": "flower_pot_acacia1" },
                   { "model": "flower_pot_acacia2" },
                   { "model": "flower_pot_acacia3" }
              ],
        "contents=dark_oak_sapling": [
                   { "model": "flower_pot_dark_oak" },
                   { "model": "flower_pot_dark_oak1" },
                   { "model": "flower_pot_dark_oak2" },
                   { "model": "flower_pot_dark_oak3" }
              ],
        "contents=mushroom_red": [
                   { "model": "flower_pot_mushroom_red" },
                   { "model": "flower_pot_mushroom_red1" },
                   { "model": "flower_pot_mushroom_red2" },
                   { "model": "flower_pot_mushroom_red3" },
                   { "model": "flower_pot_mushroom_red4" }
              ],
        "contents=mushroom_brown": [
                   { "model": "flower_pot_mushroom_brown" },
                   { "model": "flower_pot_mushroom_brown1" },
                   { "model": "flower_pot_mushroom_brown2" },
                   { "model": "flower_pot_mushroom_brown3" },
                   { "model": "flower_pot_mushroom_brown4" }
              ],
        "contents=dead_bush": [
                   { "model": "flower_pot_dead_bush" },
                   { "model": "flower_pot_dead_bush1" },
                   { "model": "flower_pot_dead_bush2" },
                   { "model": "flower_pot_dead_bush3" }
              ],
        "contents=fern": [
                   { "model": "flower_pot_fern" },
                   { "model": "flower_pot_fern1" },
                   { "model": "flower_pot_fern2" },
                   { "model": "flower_pot_fern3" }
              ],
        "contents=cactus": [
                   { "model": "flower_pot_cactus" },
                   { "model": "flower_pot_cactus1" },
                   { "model": "flower_pot_cactus2" },
                   { "model": "flower_pot_cactus3" }
              ]
    }
}
